channel,T_K,k_RMG,k_fit,relative_error
initiation,300.0,2.738123312396e-44,2.685041262504e-44,-1.938628901458e-02
initiation,350.0,2.455157419987e-35,2.482202622713e-35,1.101566950708e-02
initiation,400.0,1.234165001114e-28,1.255272409264e-28,1.710258201351e-02
initiation,450.0,1.955537727970e-23,1.981255946305e-23,1.315148154235e-02
initiation,500.0,2.755087307160e-19,2.771760808674e-19,6.051895876571e-03
initiation,550.0,6.680310936332e-16,6.673615079267e-16,-1.002327156494e-03
initiation,600.0,4.330756406133e-13,4.302100272411e-13,-6.616888837583e-03
initiation,650.0,1.018423056353e-10,1.007974608681e-10,-1.025943747808e-02
initiation,700.0,1.080286112593e-08,1.067538604045e-08,-1.180012257824e-02
initiation,750.0,6.064570541543e-07,5.996116345957e-07,-1.128755863528e-02
initiation,800.0,2.031204888827e-05,2.013246429257e-05,-8.841284140823e-03
initiation,850.0,4.448185835813e-04,4.427713172112e-04,-4.602474909338e-03
initiation,900.0,6.839398231502e-03,6.848193144758e-03,1.285919164002e-03
initiation,950.0,7.810313565703e-02,7.878138927466e-02,8.684076662508e-03
initiation,1000.0,6.928802111095e-01,7.049727627427e-01,1.745258623260e-02
depropagation,300.0,5.347632503538e-06,5.315694794337e-06,-5.972308153227e-03
depropagation,350.0,2.411369541731e-03,2.420034185159e-03,3.593245779386e-03
depropagation,400.0,2.393756619599e-01,2.405397984828e-01,4.863220067399e-03
depropagation,450.0,8.629794997058e+00,8.660541193919e+00,3.562795741068e-03
depropagation,500.0,1.528113373257e+02,1.530775675544e+02,1.742215161078e-03
depropagation,550.0,1.611872358804e+03,1.611940181372e+03,4.207688480529e-05
depropagation,600.0,1.152221066710e+04,1.150624393831e+04,-1.385734842584e-03
depropagation,650.0,6.103845705682e+04,6.088520027624e+04,-2.510823306722e-03
depropagation,700.0,2.554339537393e+05,2.545938301149e+05,-3.289005287180e-03
depropagation,750.0,8.848965229859e+05,8.816884889930e+05,-3.625321051176e-03
depropagation,800.0,2.628285021148e+06,2.619406750312e+06,-3.377971096974e-03
depropagation,850.0,6.874548209561e+06,6.858201180899e+06,-2.377905887605e-03
depropagation,900.0,1.616734082019e+07,1.616001841619e+07,-4.529133197702e-04
depropagation,950.0,3.475240959205e+07,3.484097407395e+07,2.548441473274e-03
depropagation,1000.0,6.918278611552e+07,6.964870216292e+07,6.734566119189e-03
termination,300.0,1.637705623080e+07,1.629333036256e+07,-5.112388151495e-03
termination,350.0,1.546413277336e+07,1.543684235030e+07,-1.764756127200e-03
termination,400.0,1.472561630876e+07,1.473139745751e+07,3.925912932061e-04
termination,450.0,1.411173141850e+07,1.413595873996e+07,1.716821327375e-03
termination,500.0,1.359060272102e+07,1.362374370902e+07,2.438522314614e-03
termination,550.0,1.314074072280e+07,1.317639629467e+07,2.713360884468e-03
termination,600.0,1.274705632678e+07,1.278083866266e+07,2.650206840950e-03
termination,650.0,1.239859893185e+07,1.242745562493e+07,2.327415640636e-03
termination,700.0,1.208720105860e+07,1.210899105031e+07,1.802732626736e-03
termination,750.0,1.180662910389e+07,1.181984742647e+07,1.119567868748e-03
termination,800.0,1.155203096006e+07,1.155562490849e+07,3.111096602160e-04
termination,850.0,1.131956512819e+07,1.131280848705e+07,-5.968993569325e-04
termination,900.0,1.110614478722e+07,1.108854997579e+07,-1.584241135395e-03
termination,950.0,1.090925693410e+07,1.088051253049e+07,-2.634863564451e-03
termination,1000.0,1.072683187400e+07,1.068675749229e+07,-3.735900980584e-03
transfer,300.0,1.198308148726e+01,1.105365677313e+01,-7.756141148866e-02
transfer,350.0,1.386138801767e+02,1.463557226057e+02,5.585185566610e-02
transfer,400.0,1.013425119195e+03,1.087420233399e+03,7.301488072647e-02
transfer,450.0,5.212541726789e+03,5.455126047246e+03,4.653858581317e-02
transfer,500.0,2.040051989729e+04,2.067752544122e+04,1.357835708690e-02
transfer,550.0,6.452040213933e+04,6.367920442376e+04,-1.303770106324e-02
transfer,600.0,1.725906305823e+05,1.673382253609e+05,-3.043273672301e-02
transfer,650.0,4.041181560294e+05,3.883528323910e+05,-3.901166874860e-02
transfer,700.0,8.500304841568e+05,8.160146934237e+05,-4.001714216967e-02
transfer,750.0,1.638280079978e+06,1.581377932098e+06,-3.473285708324e-02
transfer,800.0,2.937669065684e+06,2.866388120373e+06,-2.426445719966e-02
transfer,850.0,4.959810295732e+06,4.912642693705e+06,-9.509960908801e-03
transfer,900.0,7.959402340123e+06,8.029561761183e+06,8.814659450786e-03
transfer,950.0,1.223313925878e+07,1.260184013154e+07,3.013951406615e-02
transfer,1000.0,1.811762432543e+07,1.909612244338e+07,5.400808077174e-02
